dataset,model,mean_auc,std_auc,per_fold_aucs
9s,LR,0.5915181888991833,0.001750069010843226,[0.59157674 0.58965819 0.59133982 0.5906647  0.5943515 ]
9s,RF,0.7665770688034925,0.002117377222510327,[0.76439563 0.76607561 0.76728211 0.76527798 0.76985401]
30s,LR,0.6414033581180816,0.0028459225848131826,[0.64560788 0.63812475 0.64056508 0.64008218 0.64263689]
30s,RF,0.8509944435591261,0.0022223245816743353,[0.85283239 0.85166092 0.85307375 0.8494455  0.84795966]
