{
  "best_threshold_by_f1": 0.34630837353007526,
  "best_f1": 0.6203262514710477,
  "precision_at_best": 0.46824355773706255,
  "recall_at_best": 0.9187214611872146,
  "n_pr_thresholds": 26197
}