{
  "timestamp": "2025-12-03T22:36:36.157169Z",
  "default_threshold_metrics": {
    "accuracy": 0.589429267760358,
    "precision": 0.528330094184482,
    "recall": 0.586799501867995,
    "f1": 0.556031939582268,
    "roc_auc": 0.6495804959465366,
    "average_precision": 0.6298752909477973,
    "confusion_matrix": [
      [
        9136,
        6310
      ],
      [
        4977,
        7068
      ]
    ],
    "classification_report": {
      "0": {
        "precision": 0.6473464181959895,
        "recall": 0.5914799948206656,
        "f1-score": 0.6181535234615515,
        "support": 15446.0
      },
      "1": {
        "precision": 0.528330094184482,
        "recall": 0.586799501867995,
        "f1-score": 0.556031939582268,
        "support": 12045.0
      },
      "accuracy": 0.589429267760358,
      "macro avg": {
        "precision": 0.5878382561902358,
        "recall": 0.5891397483443304,
        "f1-score": 0.5870927315219098,
        "support": 27491.0
      },
      "weighted avg": {
        "precision": 0.5952002022446379,
        "recall": 0.589429267760358,
        "f1-score": 0.5909353619604796,
        "support": 27491.0
      }
    }
  },
  "best_threshold_metrics": {
    "threshold": 0.34630837353007526,
    "accuracy": 0.5072569204466917,
    "precision": 0.46824355773706255,
    "recall": 0.9187214611872146,
    "f1": 0.620326251471495,
    "roc_auc": 0.6495804959465366,
    "average_precision": 0.6298752909477973,
    "confusion_matrix": [
      [
        2879,
        12567
      ],
      [
        979,
        11066
      ]
    ],
    "classification_report": {
      "0": {
        "precision": 0.7462415759460861,
        "recall": 0.18639129871811472,
        "f1-score": 0.29828014919187734,
        "support": 15446.0
      },
      "1": {
        "precision": 0.46824355773706255,
        "recall": 0.9187214611872146,
        "f1-score": 0.620326251471495,
        "support": 12045.0
      },
      "accuracy": 0.5072569204466917,
      "macro avg": {
        "precision": 0.6072425668415743,
        "recall": 0.5525563799526647,
        "f1-score": 0.45930320033168615,
        "support": 27491.0
      },
      "weighted avg": {
        "precision": 0.6244385811722443,
        "recall": 0.5072569204466917,
        "f1-score": 0.43938252094837926,
        "support": 27491.0
      }
    }
  },
  "best_threshold": 0.34630837353007526,
  "cv_results_summary": {
    "logreg": {
      "params": [
        {
          "clf__C": 0.01
        },
        {
          "clf__C": 0.1
        },
        {
          "clf__C": 1.0
        },
        {
          "clf__C": 10.0
        }
      ],
      "mean_test_score": [
        0.6402817001756893,
        0.6407812132968879,
        0.6411449561036734,
        0.6412490084178644
      ],
      "std_test_score": [
        0.0011806591397670414,
        0.0011256397007924836,
        0.0010244439597408537,
        0.0009339684112506001
      ],
      "rank_test_score": [
        4,
        3,
        2,
        1
      ]
    },
    "rf": {
      "params": [
        {
          "clf__n_estimators": 50,
          "clf__max_depth": 5
        },
        {
          "clf__n_estimators": 100,
          "clf__max_depth": 5
        },
        {
          "clf__n_estimators": 100,
          "clf__max_depth": null
        },
        {
          "clf__n_estimators": 50,
          "clf__max_depth": 10
        },
        {
          "clf__n_estimators": 50,
          "clf__max_depth": null
        }
      ],
      "mean_test_score": [
        0.7222296637920728,
        0.7236039340129617,
        0.8291780092117277,
        0.7817931423193976,
        0.82240414210857
      ],
      "std_test_score": [
        0.005449954444445844,
        0.003944990832643324,
        0.002081693279754561,
        0.0020871290309438747,
        0.0027617221670452655
      ],
      "rank_test_score": [
        5,
        4,
        1,
        3,
        2
      ]
    },
    "hgb": {
      "params": [
        {
          "clf__max_iter": 100,
          "clf__max_depth": null,
          "clf__learning_rate": 0.1
        },
        {
          "clf__max_iter": 200,
          "clf__max_depth": 7,
          "clf__learning_rate": 0.1
        },
        {
          "clf__max_iter": 100,
          "clf__max_depth": 3,
          "clf__learning_rate": 0.01
        },
        {
          "clf__max_iter": 100,
          "clf__max_depth": 7,
          "clf__learning_rate": 0.1
        },
        {
          "clf__max_iter": 200,
          "clf__max_depth": null,
          "clf__learning_rate": 0.01
        },
        {
          "clf__max_iter": 100,
          "clf__max_depth": 7,
          "clf__learning_rate": 0.01
        },
        {
          "clf__max_iter": 200,
          "clf__max_depth": 3,
          "clf__learning_rate": 0.01
        }
      ],
      "mean_test_score": [
        0.8014946928612406,
        0.8074217470870074,
        0.7027083170654697,
        0.7995546744736853,
        0.7720948769487661,
        0.7515731532220866,
        0.7227551857636545
      ],
      "std_test_score": [
        0.002563617239764272,
        0.0017377429896362146,
        0.0041101157967958395,
        0.0011631381901558685,
        0.0019797930409470683,
        0.001852096960927221,
        0.0013141186438331404
      ],
      "rank_test_score": [
        2,
        1,
        7,
        3,
        4,
        5,
        6
      ]
    }
  },
  "used_imblearn": true
}