{
  "timestamp": "2025-12-03T21:35:30.682353Z",
  "train_shape": [
    103302,
    34
  ],
  "test_shape": [
    27491,
    34
  ],
  "feature_count": 33,
  "label_map": {
    "Apnea": 1,
    "Normal": 0
  },
  "train_pos_fraction": 0.47421153511064645,
  "test_pos_fraction": 0.4381433923829617
}