{
  "best_threshold_by_f1": 0.41179660448893435,
  "best_f1": 0.5907055428396184,
  "precision_at_best": 0.46730345334313006,
  "recall_at_best": 0.8026683494095376,
  "n_pr_thresholds": 27840
}