{
  "timestamp": "2025-12-03T22:38:47.742657Z",
  "default_threshold_metrics": {
    "accuracy": 0.6693112406094222,
    "precision": 0.5816336488728409,
    "recall": 0.5372757594879654,
    "f1": 0.5585754451733833,
    "roc_auc": 0.69885793680415,
    "average_precision": 0.6251239863359741,
    "confusion_matrix": [
      [
        13106,
        4287
      ],
      [
        5133,
        5960
      ]
    ],
    "classification_report": {
      "0": {
        "precision": 0.7185700970447941,
        "recall": 0.753521531650664,
        "f1-score": 0.7356308935788056,
        "support": 17393.0
      },
      "1": {
        "precision": 0.5816336488728409,
        "recall": 0.5372757594879654,
        "f1-score": 0.5585754451733833,
        "support": 11093.0
      },
      "accuracy": 0.6693112406094222,
      "macro avg": {
        "precision": 0.6501018729588175,
        "recall": 0.6453986455693147,
        "f1-score": 0.6471031693760945,
        "support": 28486.0
      },
      "weighted avg": {
        "precision": 0.6652443925032131,
        "recall": 0.6693112406094222,
        "f1-score": 0.6666820734860811,
        "support": 28486.0
      }
    }
  },
  "best_threshold_metrics": {
    "threshold": 0.41179660448893435,
    "accuracy": 0.5668398511549533,
    "precision": 0.46730345334313006,
    "recall": 0.8026683494095376,
    "f1": 0.5907055428400836,
    "roc_auc": 0.69885793680415,
    "average_precision": 0.6251239863359741,
    "confusion_matrix": [
      [
        7243,
        10150
      ],
      [
        2189,
        8904
      ]
    ],
    "classification_report": {
      "0": {
        "precision": 0.7679177268871925,
        "recall": 0.4164318978899557,
        "f1-score": 0.5400186393289842,
        "support": 17393.0
      },
      "1": {
        "precision": 0.46730345334313006,
        "recall": 0.8026683494095376,
        "f1-score": 0.5907055428400836,
        "support": 11093.0
      },
      "accuracy": 0.5668398511549533,
      "macro avg": {
        "precision": 0.6176105901151613,
        "recall": 0.6095501236497467,
        "f1-score": 0.5653620910845338,
        "support": 28486.0
      },
      "weighted avg": {
        "precision": 0.6508527077049878,
        "recall": 0.5668398511549533,
        "f1-score": 0.5597571010522386,
        "support": 28486.0
      }
    }
  },
  "best_threshold": 0.41179660448893435,
  "cv_results_summary": {
    "logreg": {
      "params": [
        {
          "clf__C": 0.01
        },
        {
          "clf__C": 0.1
        },
        {
          "clf__C": 1.0
        },
        {
          "clf__C": 10.0
        }
      ],
      "mean_test_score": [
        0.6200392739237699,
        0.6200199649703878,
        0.6200493768340415,
        0.6198533845947537
      ],
      "std_test_score": [
        0.00300775516221128,
        0.003053051690951621,
        0.0030244592919870476,
        0.002946340120209834
      ],
      "rank_test_score": [
        2,
        3,
        1,
        4
      ]
    },
    "rf": {
      "params": [
        {
          "clf__n_estimators": 50,
          "clf__max_depth": 5
        },
        {
          "clf__n_estimators": 100,
          "clf__max_depth": 5
        },
        {
          "clf__n_estimators": 100,
          "clf__max_depth": null
        },
        {
          "clf__n_estimators": 50,
          "clf__max_depth": 10
        },
        {
          "clf__n_estimators": 50,
          "clf__max_depth": null
        }
      ],
      "mean_test_score": [
        0.7224551116410663,
        0.7219807916349313,
        0.8288375565936014,
        0.7818726610746808,
        0.8229211240280968
      ],
      "std_test_score": [
        0.0026976616645659483,
        0.002421317590971091,
        0.001573780440014896,
        0.0016000852446186348,
        0.001627038244590402
      ],
      "rank_test_score": [
        4,
        5,
        1,
        3,
        2
      ]
    },
    "hgb": {
      "params": [
        {
          "clf__max_iter": 100,
          "clf__max_depth": null,
          "clf__learning_rate": 0.1
        },
        {
          "clf__max_iter": 200,
          "clf__max_depth": 7,
          "clf__learning_rate": 0.1
        },
        {
          "clf__max_iter": 100,
          "clf__max_depth": 3,
          "clf__learning_rate": 0.01
        },
        {
          "clf__max_iter": 100,
          "clf__max_depth": 7,
          "clf__learning_rate": 0.1
        },
        {
          "clf__max_iter": 200,
          "clf__max_depth": null,
          "clf__learning_rate": 0.01
        },
        {
          "clf__max_iter": 100,
          "clf__max_depth": 7,
          "clf__learning_rate": 0.01
        },
        {
          "clf__max_iter": 200,
          "clf__max_depth": 3,
          "clf__learning_rate": 0.01
        }
      ],
      "mean_test_score": [
        0.8031439536647588,
        0.8094638774249411,
        0.7088836760634649,
        0.8031440372577516,
        0.7771085331021634,
        0.7620685502016395,
        0.7274459295367914
      ],
      "std_test_score": [
        0.0005562773989126322,
        0.000968030016598646,
        0.002084932292251108,
        0.0006335116729037982,
        0.00037557163712495696,
        0.0008641647591870115,
        0.0010717945039382653
      ],
      "rank_test_score": [
        3,
        1,
        7,
        2,
        4,
        5,
        6
      ]
    }
  },
  "used_imblearn": true
}