{
  "timestamp": "2025-12-03T21:37:19.937330Z",
  "train_shape": [
    94280,
    34
  ],
  "test_shape": [
    28486,
    34
  ],
  "feature_count": 33,
  "label_map": {
    "Apnea": 1,
    "Normal": 0
  },
  "train_pos_fraction": 0.6480377598642342,
  "test_pos_fraction": 0.3894193638980552
}